index,Sample_Name,Fluorescence_file_dat,Absorbance_file_dat,00681_NPOC_mg_per_L_as_C
1,BSLE_0001A-filt0.2,BSLE_0001A-filt0.2_DilCorr_IFE_RamNorm.dat,BSLE_0001A-filt0.2_DilCorr_Abs.dat,See-BSLE_NPOC_TN.csv
2,BSLE_0001B-filt0.2,BSLE_0001B-filt0.2_DilCorr_IFE_RamNorm.dat,BSLE_0001B-filt0.2_DilCorr_Abs.dat,See-BSLE_NPOC_TN.csv
3,BSLE_0001C-filt0.2,BSLE_0001C-filt0.2_DilCorr_IFE_RamNorm.dat,BSLE_0001C-filt0.2_DilCorr_Abs.dat,See-BSLE_NPOC_TN.csv
4,BSLE_0002A-filt0.2,BSLE_0002A-filt0.2_DilCorr_IFE_RamNorm.dat,BSLE_0002A-filt0.2_DilCorr_Abs.dat,See-BSLE_NPOC_TN.csv
5,BSLE_0002B-filt0.2,BSLE_0002B-filt0.2_DilCorr_IFE_RamNorm.dat,BSLE_0002B-filt0.2_DilCorr_Abs.dat,See-BSLE_NPOC_TN.csv
6,BSLE_0002C-filt0.2,BSLE_0002C-filt0.2_DilCorr_IFE_RamNorm.dat,BSLE_0002C-filt0.2_DilCorr_Abs.dat,See-BSLE_NPOC_TN.csv
7,BSLE_0003A-filt0.2,BSLE_0003A-filt0.2_DilCorr_IFE_RamNorm.dat,BSLE_0003A-filt0.2_DilCorr_Abs.dat,See-BSLE_NPOC_TN.csv
8,BSLE_0003B-filt0.2,BSLE_0003B-filt0.2_DilCorr_IFE_RamNorm.dat,BSLE_0003B-filt0.2_DilCorr_Abs.dat,See-BSLE_NPOC_TN.csv
9,BSLE_0003C-filt0.2,BSLE_0003C-filt0.2_DilCorr_IFE_RamNorm.dat,BSLE_0003C-filt0.2_DilCorr_Abs.dat,See-BSLE_NPOC_TN.csv
10,BSLE_0004A-filt0.2,BSLE_0004A-filt0.2_DilCorr_IFE_RamNorm.dat,BSLE_0004A-filt0.2_DilCorr_Abs.dat,See-BSLE_NPOC_TN.csv
11,BSLE_0004B-filt0.2,BSLE_0004B-filt0.2_DilCorr_IFE_RamNorm.dat,BSLE_0004B-filt0.2_DilCorr_Abs.dat,See-BSLE_NPOC_TN.csv
12,BSLE_0004C-filt0.2,BSLE_0004C-filt0.2_DilCorr_IFE_RamNorm.dat,BSLE_0004C-filt0.2_DilCorr_Abs.dat,See-BSLE_NPOC_TN.csv
13,BSLE_0005A-filt0.2,BSLE_0005A-filt0.2_DilCorr_IFE_RamNorm.dat,BSLE_0005A-filt0.2_DilCorr_Abs.dat,See-BSLE_NPOC_TN.csv
14,BSLE_0005B-filt0.2,BSLE_0005B-filt0.2_DilCorr_IFE_RamNorm.dat,BSLE_0005B-filt0.2_DilCorr_Abs.dat,See-BSLE_NPOC_TN.csv
15,BSLE_0005C-filt0.2,BSLE_0005C-filt0.2_DilCorr_IFE_RamNorm.dat,BSLE_0005C-filt0.2_DilCorr_Abs.dat,See-BSLE_NPOC_TN.csv
16,BSLE_0006A-filt0.2,BSLE_0006A-filt0.2_DilCorr_IFE_RamNorm.dat,BSLE_0006A-filt0.2_DilCorr_Abs.dat,See-BSLE_NPOC_TN.csv
17,BSLE_0006B-filt0.2,BSLE_0006B-filt0.2_DilCorr_IFE_RamNorm.dat,BSLE_0006B-filt0.2_DilCorr_Abs.dat,See-BSLE_NPOC_TN.csv
18,BSLE_0006C-filt0.2,BSLE_0006C-filt0.2_DilCorr_IFE_RamNorm.dat,BSLE_0006C-filt0.2_DilCorr_Abs.dat,See-BSLE_NPOC_TN.csv
19,BSLE_0007A-filt0.2,BSLE_0007A-filt0.2_DilCorr_IFE_RamNorm.dat,BSLE_0007A-filt0.2_DilCorr_Abs.dat,See-BSLE_NPOC_TN.csv
20,BSLE_0007B-filt0.2,BSLE_0007B-filt0.2_DilCorr_IFE_RamNorm.dat,BSLE_0007B-filt0.2_DilCorr_Abs.dat,See-BSLE_NPOC_TN.csv
21,BSLE_0007C-filt0.2,BSLE_0007C-filt0.2_DilCorr_IFE_RamNorm.dat,BSLE_0007C-filt0.2_DilCorr_Abs.dat,See-BSLE_NPOC_TN.csv
22,BSLE_0008A-filt0.2,BSLE_0008A-filt0.2_DilCorr_IFE_RamNorm.dat,BSLE_0008A-filt0.2_DilCorr_Abs.dat,See-BSLE_NPOC_TN.csv
23,BSLE_0008B-filt0.2,BSLE_0008B-filt0.2_DilCorr_IFE_RamNorm.dat,BSLE_0008B-filt0.2_DilCorr_Abs.dat,See-BSLE_NPOC_TN.csv
24,BSLE_0008C-filt0.2,BSLE_0008C-filt0.2_DilCorr_IFE_RamNorm.dat,BSLE_0008C-filt0.2_DilCorr_Abs.dat,See-BSLE_NPOC_TN.csv
25,BSLE_0009A-filt0.2,BSLE_0009A-filt0.2_DilCorr_IFE_RamNorm.dat,BSLE_0009A-filt0.2_DilCorr_Abs.dat,See-BSLE_NPOC_TN.csv
26,BSLE_0009B-filt0.2,BSLE_0009B-filt0.2_DilCorr_IFE_RamNorm.dat,BSLE_0009B-filt0.2_DilCorr_Abs.dat,See-BSLE_NPOC_TN.csv
27,BSLE_0009C-filt0.2,BSLE_0009C-filt0.2_DilCorr_IFE_RamNorm.dat,BSLE_0009C-filt0.2_DilCorr_Abs.dat,See-BSLE_NPOC_TN.csv
28,BSLE_0010A-filt0.2,BSLE_0010A-filt0.2_DilCorr_IFE_RamNorm.dat,BSLE_0010A-filt0.2_DilCorr_Abs.dat,See-BSLE_NPOC_TN.csv
29,BSLE_0010B-filt0.2,BSLE_0010B-filt0.2_DilCorr_IFE_RamNorm.dat,BSLE_0010B-filt0.2_DilCorr_Abs.dat,See-BSLE_NPOC_TN.csv
30,BSLE_0010C-filt0.2,BSLE_0010C-filt0.2_DilCorr_IFE_RamNorm.dat,BSLE_0010C-filt0.2_DilCorr_Abs.dat,See-BSLE_NPOC_TN.csv
31,BSLE_0011A-filt0.2,BSLE_0011A-filt0.2_DilCorr_IFE_RamNorm.dat,BSLE_0011A-filt0.2_DilCorr_Abs.dat,See-BSLE_NPOC_TN.csv
32,BSLE_0011B-filt0.2,BSLE_0011B-filt0.2_DilCorr_IFE_RamNorm.dat,BSLE_0011B-filt0.2_DilCorr_Abs.dat,See-BSLE_NPOC_TN.csv
33,BSLE_0011C-filt0.2,BSLE_0011C-filt0.2_DilCorr_IFE_RamNorm.dat,BSLE_0011C-filt0.2_DilCorr_Abs.dat,See-BSLE_NPOC_TN.csv
34,BSLE_0012A-filt0.2,BSLE_0012A-filt0.2_DilCorr_IFE_RamNorm.dat,BSLE_0012A-filt0.2_DilCorr_Abs.dat,See-BSLE_NPOC_TN.csv
35,BSLE_0012B-filt0.2,BSLE_0012B-filt0.2_DilCorr_IFE_RamNorm.dat,BSLE_0012B-filt0.2_DilCorr_Abs.dat,See-BSLE_NPOC_TN.csv
36,BSLE_0012C-filt0.2,BSLE_0012C-filt0.2_DilCorr_IFE_RamNorm.dat,BSLE_0012C-filt0.2_DilCorr_Abs.dat,See-BSLE_NPOC_TN.csv
37,BSLE_0013A-filt0.2,BSLE_0013A-filt0.2_DilCorr_IFE_RamNorm.dat,BSLE_0013A-filt0.2_DilCorr_Abs.dat,See-BSLE_NPOC_TN.csv
38,BSLE_0013B-filt0.2,BSLE_0013B-filt0.2_DilCorr_IFE_RamNorm.dat,BSLE_0013B-filt0.2_DilCorr_Abs.dat,See-BSLE_NPOC_TN.csv
39,BSLE_0013C-filt0.2,BSLE_0013C-filt0.2_DilCorr_IFE_RamNorm.dat,BSLE_0013C-filt0.2_DilCorr_Abs.dat,See-BSLE_NPOC_TN.csv
40,BSLE_0014A-filt0.2,BSLE_0014A-filt0.2_DilCorr_IFE_RamNorm.dat,BSLE_0014A-filt0.2_DilCorr_Abs.dat,See-BSLE_NPOC_TN.csv
41,BSLE_0014B-filt0.2,BSLE_0014B-filt0.2_DilCorr_IFE_RamNorm.dat,BSLE_0014B-filt0.2_DilCorr_Abs.dat,See-BSLE_NPOC_TN.csv
42,BSLE_0014C-filt0.2,BSLE_0014C-filt0.2_DilCorr_IFE_RamNorm.dat,BSLE_0014C-filt0.2_DilCorr_Abs.dat,See-BSLE_NPOC_TN.csv
43,BSLE_0016A-filt0.2,BSLE_0016A-filt0.2_DilCorr_IFE_RamNorm.dat,BSLE_0016A-filt0.2_DilCorr_Abs.dat,See-BSLE_NPOC_TN.csv
44,BSLE_0016B-filt0.2,BSLE_0016B-filt0.2_DilCorr_IFE_RamNorm.dat,BSLE_0016B-filt0.2_DilCorr_Abs.dat,See-BSLE_NPOC_TN.csv
45,BSLE_0016C-filt0.2,BSLE_0016C-filt0.2_DilCorr_IFE_RamNorm.dat,BSLE_0016C-filt0.2_DilCorr_Abs.dat,See-BSLE_NPOC_TN.csv
46,BSLE_0017A-filt0.2,BSLE_0017A-filt0.2_DilCorr_IFE_RamNorm.dat,BSLE_0017A-filt0.2_DilCorr_Abs.dat,See-BSLE_NPOC_TN.csv
47,BSLE_0017B-filt0.2,BSLE_0017B-filt0.2_DilCorr_IFE_RamNorm.dat,BSLE_0017B-filt0.2_DilCorr_Abs.dat,See-BSLE_NPOC_TN.csv
48,BSLE_0017C-filt0.2,BSLE_0017C-filt0.2_DilCorr_IFE_RamNorm.dat,BSLE_0017C-filt0.2_DilCorr_Abs.dat,See-BSLE_NPOC_TN.csv
49,BSLE_0018A-filt0.2,BSLE_0018A-filt0.2_DilCorr_IFE_RamNorm.dat,BSLE_0018A-filt0.2_DilCorr_Abs.dat,See-BSLE_NPOC_TN.csv
50,BSLE_0018B-filt0.2,BSLE_0018B-filt0.2_DilCorr_IFE_RamNorm.dat,BSLE_0018B-filt0.2_DilCorr_Abs.dat,See-BSLE_NPOC_TN.csv
51,BSLE_0018C-filt0.2,BSLE_0018C-filt0.2_DilCorr_IFE_RamNorm.dat,BSLE_0018C-filt0.2_DilCorr_Abs.dat,See-BSLE_NPOC_TN.csv
52,BSLE_0019A-filt0.2,BSLE_0019A-filt0.2_DilCorr_IFE_RamNorm.dat,BSLE_0019A-filt0.2_DilCorr_Abs.dat,See-BSLE_NPOC_TN.csv
53,BSLE_0019B-filt0.2,BSLE_0019B-filt0.2_DilCorr_IFE_RamNorm.dat,BSLE_0019B-filt0.2_DilCorr_Abs.dat,See-BSLE_NPOC_TN.csv
54,BSLE_0019C-filt0.2,BSLE_0019C-filt0.2_DilCorr_IFE_RamNorm.dat,BSLE_0019C-filt0.2_DilCorr_Abs.dat,See-BSLE_NPOC_TN.csv
55,BSLE_0020A-filt0.2,BSLE_0020A-filt0.2_DilCorr_IFE_RamNorm.dat,BSLE_0020A-filt0.2_DilCorr_Abs.dat,See-BSLE_NPOC_TN.csv
56,BSLE_0020B-filt0.2,BSLE_0020B-filt0.2_DilCorr_IFE_RamNorm.dat,BSLE_0020B-filt0.2_DilCorr_Abs.dat,See-BSLE_NPOC_TN.csv
57,BSLE_0020C-filt0.2,BSLE_0020C-filt0.2_DilCorr_IFE_RamNorm.dat,BSLE_0020C-filt0.2_DilCorr_Abs.dat,See-BSLE_NPOC_TN.csv
58,BSLE_0021A-filt0.2,BSLE_0021A-filt0.2_DilCorr_IFE_RamNorm.dat,BSLE_0021A-filt0.2_DilCorr_Abs.dat,See-BSLE_NPOC_TN.csv
59,BSLE_0021B-filt0.2,BSLE_0021B-filt0.2_DilCorr_IFE_RamNorm.dat,BSLE_0021B-filt0.2_DilCorr_Abs.dat,See-BSLE_NPOC_TN.csv
60,BSLE_0021C-filt0.2,BSLE_0021C-filt0.2_DilCorr_IFE_RamNorm.dat,BSLE_0021C-filt0.2_DilCorr_Abs.dat,See-BSLE_NPOC_TN.csv
61,BSLE_0022A-filt0.2,BSLE_0022A-filt0.2_DilCorr_IFE_RamNorm.dat,BSLE_0022A-filt0.2_DilCorr_Abs.dat,See-BSLE_NPOC_TN.csv
62,BSLE_0022B-filt0.2,BSLE_0022B-filt0.2_DilCorr_IFE_RamNorm.dat,BSLE_0022B-filt0.2_DilCorr_Abs.dat,See-BSLE_NPOC_TN.csv
63,BSLE_0022C-filt0.2,BSLE_0022C-filt0.2_DilCorr_IFE_RamNorm.dat,BSLE_0022C-filt0.2_DilCorr_Abs.dat,See-BSLE_NPOC_TN.csv
64,BSLE_0023A-filt0.2,BSLE_0023A-filt0.2_DilCorr_IFE_RamNorm.dat,BSLE_0023A-filt0.2_DilCorr_Abs.dat,See-BSLE_NPOC_TN.csv
65,BSLE_0023B-filt0.2,BSLE_0023B-filt0.2_DilCorr_IFE_RamNorm.dat,BSLE_0023B-filt0.2_DilCorr_Abs.dat,See-BSLE_NPOC_TN.csv
66,BSLE_0023C-filt0.2,BSLE_0023C-filt0.2_DilCorr_IFE_RamNorm.dat,BSLE_0023C-filt0.2_DilCorr_Abs.dat,See-BSLE_NPOC_TN.csv
67,BSLE_0024B-filt0.2,BSLE_0024B-filt0.2_DilCorr_IFE_RamNorm.dat,BSLE_0024B-filt0.2_DilCorr_Abs.dat,See-BSLE_NPOC_TN.csv
68,BSLE_0024C-filt0.2,BSLE_0024C-filt0.2_DilCorr_IFE_RamNorm.dat,BSLE_0024C-filt0.2_DilCorr_Abs.dat,See-BSLE_NPOC_TN.csv
69,BSLE_0025A-filt0.2,BSLE_0025A-filt0.2_DilCorr_IFE_RamNorm.dat,BSLE_0025A-filt0.2_DilCorr_Abs.dat,See-BSLE_NPOC_TN.csv
70,BSLE_0025B-filt0.2,BSLE_0025B-filt0.2_DilCorr_IFE_RamNorm.dat,BSLE_0025B-filt0.2_DilCorr_Abs.dat,See-BSLE_NPOC_TN.csv
71,BSLE_0025C-filt0.2,BSLE_0025C-filt0.2_DilCorr_IFE_RamNorm.dat,BSLE_0025C-filt0.2_DilCorr_Abs.dat,See-BSLE_NPOC_TN.csv
72,BSLE_0026A-filt0.2,BSLE_0026A-filt0.2_DilCorr_IFE_RamNorm.dat,BSLE_0026A-filt0.2_DilCorr_Abs.dat,See-BSLE_NPOC_TN.csv
73,BSLE_0026B-filt0.2,BSLE_0026B-filt0.2_DilCorr_IFE_RamNorm.dat,BSLE_0026B-filt0.2_DilCorr_Abs.dat,See-BSLE_NPOC_TN.csv
74,BSLE_0026C-filt0.2,BSLE_0026C-filt0.2_DilCorr_IFE_RamNorm.dat,BSLE_0026C-filt0.2_DilCorr_Abs.dat,See-BSLE_NPOC_TN.csv
75,BSLE_0027A-filt0.2,BSLE_0027A-filt0.2_DilCorr_IFE_RamNorm.dat,BSLE_0027A-filt0.2_DilCorr_Abs.dat,See-BSLE_NPOC_TN.csv
76,BSLE_0027B-filt0.2,BSLE_0027B-filt0.2_DilCorr_IFE_RamNorm.dat,BSLE_0027B-filt0.2_DilCorr_Abs.dat,See-BSLE_NPOC_TN.csv
77,BSLE_0027C-filt0.2,BSLE_0027C-filt0.2_DilCorr_IFE_RamNorm.dat,BSLE_0027C-filt0.2_DilCorr_Abs.dat,See-BSLE_NPOC_TN.csv
78,BSLE_0028A-filt0.2,BSLE_0028A-filt0.2_DilCorr_IFE_RamNorm.dat,BSLE_0028A-filt0.2_DilCorr_Abs.dat,See-BSLE_NPOC_TN.csv
79,BSLE_0028B-filt0.2,BSLE_0028B-filt0.2_DilCorr_IFE_RamNorm.dat,BSLE_0028B-filt0.2_DilCorr_Abs.dat,See-BSLE_NPOC_TN.csv
80,BSLE_0028C-filt0.2,BSLE_0028C-filt0.2_DilCorr_IFE_RamNorm.dat,BSLE_0028C-filt0.2_DilCorr_Abs.dat,See-BSLE_NPOC_TN.csv
81,BSLE_0029A-filt0.2,BSLE_0029A-filt0.2_DilCorr_IFE_RamNorm.dat,BSLE_0029A-filt0.2_DilCorr_Abs.dat,See-BSLE_NPOC_TN.csv
82,BSLE_0029B-filt0.2,BSLE_0029B-filt0.2_DilCorr_IFE_RamNorm.dat,BSLE_0029B-filt0.2_DilCorr_Abs.dat,See-BSLE_NPOC_TN.csv
83,BSLE_0029C-filt0.2,BSLE_0029C-filt0.2_DilCorr_IFE_RamNorm.dat,BSLE_0029C-filt0.2_DilCorr_Abs.dat,See-BSLE_NPOC_TN.csv
84,BSLE_0030A-filt0.2,BSLE_0030A-filt0.2_DilCorr_IFE_RamNorm.dat,BSLE_0030A-filt0.2_DilCorr_Abs.dat,See-BSLE_NPOC_TN.csv
85,BSLE_0030B-filt0.2,BSLE_0030B-filt0.2_DilCorr_IFE_RamNorm.dat,BSLE_0030B-filt0.2_DilCorr_Abs.dat,See-BSLE_NPOC_TN.csv
86,BSLE_0030C-filt0.2,BSLE_0030C-filt0.2_DilCorr_IFE_RamNorm.dat,BSLE_0030C-filt0.2_DilCorr_Abs.dat,See-BSLE_NPOC_TN.csv
87,BSLE_0031A-filt0.2,BSLE_0031A-filt0.2_DilCorr_IFE_RamNorm.dat,BSLE_0031A-filt0.2_DilCorr_Abs.dat,See-BSLE_NPOC_TN.csv
88,BSLE_0031B-filt0.2,BSLE_0031B-filt0.2_DilCorr_IFE_RamNorm.dat,BSLE_0031B-filt0.2_DilCorr_Abs.dat,See-BSLE_NPOC_TN.csv
89,BSLE_0031C-filt0.2,BSLE_0031C-filt0.2_DilCorr_IFE_RamNorm.dat,BSLE_0031C-filt0.2_DilCorr_Abs.dat,See-BSLE_NPOC_TN.csv
90,BSLE_0032A-filt0.2,BSLE_0032A-filt0.2_DilCorr_IFE_RamNorm.dat,BSLE_0032A-filt0.2_DilCorr_Abs.dat,See-BSLE_NPOC_TN.csv
91,BSLE_0032B-filt0.2,BSLE_0032B-filt0.2_DilCorr_IFE_RamNorm.dat,BSLE_0032B-filt0.2_DilCorr_Abs.dat,See-BSLE_NPOC_TN.csv
92,BSLE_0032C-filt0.2,BSLE_0032C-filt0.2_DilCorr_IFE_RamNorm.dat,BSLE_0032C-filt0.2_DilCorr_Abs.dat,See-BSLE_NPOC_TN.csv
93,BSLE_0033A-filt0.2,BSLE_0033A-filt0.2_DilCorr_IFE_RamNorm.dat,BSLE_0033A-filt0.2_DilCorr_Abs.dat,See-BSLE_NPOC_TN.csv
94,BSLE_0033B-filt0.2,BSLE_0033B-filt0.2_DilCorr_IFE_RamNorm.dat,BSLE_0033B-filt0.2_DilCorr_Abs.dat,See-BSLE_NPOC_TN.csv
95,BSLE_0033C-filt0.2,BSLE_0033C-filt0.2_DilCorr_IFE_RamNorm.dat,BSLE_0033C-filt0.2_DilCorr_Abs.dat,See-BSLE_NPOC_TN.csv
96,BSLE_0034A-filt0.2,BSLE_0034A-filt0.2_DilCorr_IFE_RamNorm.dat,BSLE_0034A-filt0.2_DilCorr_Abs.dat,See-BSLE_NPOC_TN.csv
97,BSLE_0034B-filt0.2,BSLE_0034B-filt0.2_DilCorr_IFE_RamNorm.dat,BSLE_0034B-filt0.2_DilCorr_Abs.dat,See-BSLE_NPOC_TN.csv
98,BSLE_0034C-filt0.2,BSLE_0034C-filt0.2_DilCorr_IFE_RamNorm.dat,BSLE_0034C-filt0.2_DilCorr_Abs.dat,See-BSLE_NPOC_TN.csv
99,BSLE_0035A-filt0.2,BSLE_0035A-filt0.2_DilCorr_IFE_RamNorm.dat,BSLE_0035A-filt0.2_DilCorr_Abs.dat,See-BSLE_NPOC_TN.csv
100,BSLE_0035B-filt0.2,BSLE_0035B-filt0.2_DilCorr_IFE_RamNorm.dat,BSLE_0035B-filt0.2_DilCorr_Abs.dat,See-BSLE_NPOC_TN.csv
101,BSLE_0035C-filt0.2,BSLE_0035C-filt0.2_DilCorr_IFE_RamNorm.dat,BSLE_0035C-filt0.2_DilCorr_Abs.dat,See-BSLE_NPOC_TN.csv
102,BSLE_0036A-filt0.2,BSLE_0036A-filt0.2_DilCorr_IFE_RamNorm.dat,BSLE_0036A-filt0.2_DilCorr_Abs.dat,See-BSLE_NPOC_TN.csv
103,BSLE_0036B-filt0.2,BSLE_0036B-filt0.2_DilCorr_IFE_RamNorm.dat,BSLE_0036B-filt0.2_DilCorr_Abs.dat,See-BSLE_NPOC_TN.csv
104,BSLE_0036C-filt0.2,BSLE_0036C-filt0.2_DilCorr_IFE_RamNorm.dat,BSLE_0036C-filt0.2_DilCorr_Abs.dat,See-BSLE_NPOC_TN.csv
105,BSLE_0037A-filt0.2,BSLE_0037A-filt0.2_DilCorr_IFE_RamNorm.dat,BSLE_0037A-filt0.2_DilCorr_Abs.dat,See-BSLE_NPOC_TN.csv
106,BSLE_0037B-filt0.2,BSLE_0037B-filt0.2_DilCorr_IFE_RamNorm.dat,BSLE_0037B-filt0.2_DilCorr_Abs.dat,See-BSLE_NPOC_TN.csv
107,BSLE_0037C-filt0.2,BSLE_0037C-filt0.2_DilCorr_IFE_RamNorm.dat,BSLE_0037C-filt0.2_DilCorr_Abs.dat,See-BSLE_NPOC_TN.csv
108,BSLE_0038A-filt0.2,BSLE_0038A-filt0.2_DilCorr_IFE_RamNorm.dat,BSLE_0038A-filt0.2_DilCorr_Abs.dat,See-BSLE_NPOC_TN.csv
109,BSLE_0038B-filt0.2,BSLE_0038B-filt0.2_DilCorr_IFE_RamNorm.dat,BSLE_0038B-filt0.2_DilCorr_Abs.dat,See-BSLE_NPOC_TN.csv
110,BSLE_0038C-filt0.2,BSLE_0038C-filt0.2_DilCorr_IFE_RamNorm.dat,BSLE_0038C-filt0.2_DilCorr_Abs.dat,See-BSLE_NPOC_TN.csv
111,BSLE_0039A-filt0.2,BSLE_0039A-filt0.2_DilCorr_IFE_RamNorm.dat,BSLE_0039A-filt0.2_DilCorr_Abs.dat,See-BSLE_NPOC_TN.csv
112,BSLE_0039B-filt0.2,BSLE_0039B-filt0.2_DilCorr_IFE_RamNorm.dat,BSLE_0039B-filt0.2_DilCorr_Abs.dat,See-BSLE_NPOC_TN.csv
113,BSLE_0039C-filt0.2,BSLE_0039C-filt0.2_DilCorr_IFE_RamNorm.dat,BSLE_0039C-filt0.2_DilCorr_Abs.dat,See-BSLE_NPOC_TN.csv
114,BSLE_0040A-filt0.2,BSLE_0040A-filt0.2_DilCorr_IFE_RamNorm.dat,BSLE_0040A-filt0.2_DilCorr_Abs.dat,See-BSLE_NPOC_TN.csv
115,BSLE_0040B-filt0.2,BSLE_0040B-filt0.2_DilCorr_IFE_RamNorm.dat,BSLE_0040B-filt0.2_DilCorr_Abs.dat,See-BSLE_NPOC_TN.csv
116,BSLE_0040C-filt0.2,BSLE_0040C-filt0.2_DilCorr_IFE_RamNorm.dat,BSLE_0040C-filt0.2_DilCorr_Abs.dat,See-BSLE_NPOC_TN.csv
117,BSLE_0041A-filt0.2,BSLE_0041A-filt0.2_DilCorr_IFE_RamNorm.dat,BSLE_0041A-filt0.2_DilCorr_Abs.dat,See-BSLE_NPOC_TN.csv
118,BSLE_0041B-filt0.2,BSLE_0041B-filt0.2_DilCorr_IFE_RamNorm.dat,BSLE_0041B-filt0.2_DilCorr_Abs.dat,See-BSLE_NPOC_TN.csv
119,BSLE_0041C-filt0.2,BSLE_0041C-filt0.2_DilCorr_IFE_RamNorm.dat,BSLE_0041C-filt0.2_DilCorr_Abs.dat,See-BSLE_NPOC_TN.csv
120,BSLE_0042A-filt0.2,BSLE_0042A-filt0.2_DilCorr_IFE_RamNorm.dat,BSLE_0042A-filt0.2_DilCorr_Abs.dat,See-BSLE_NPOC_TN.csv
121,BSLE_0042B-filt0.2,BSLE_0042B-filt0.2_DilCorr_IFE_RamNorm.dat,BSLE_0042B-filt0.2_DilCorr_Abs.dat,See-BSLE_NPOC_TN.csv
122,BSLE_0042Cr-filt0.2,BSLE_0042C-filt0.2_DilCorr_IFE_RamNorm.dat,BSLE_0042C-filt0.2_DilCorr_Abs.dat,See-BSLE_NPOC_TN.csv
123,BSLE_0043A-filt0.2,BSLE_0043A-filt0.2_DilCorr_IFE_RamNorm.dat,BSLE_0043A-filt0.2_DilCorr_Abs.dat,See-BSLE_NPOC_TN.csv
124,BSLE_0043B-filt0.2,BSLE_0043B-filt0.2_DilCorr_IFE_RamNorm.dat,BSLE_0043B-filt0.2_DilCorr_Abs.dat,See-BSLE_NPOC_TN.csv
125,BSLE_0043C-filt0.2,BSLE_0043C-filt0.2_DilCorr_IFE_RamNorm.dat,BSLE_0043C-filt0.2_DilCorr_Abs.dat,See-BSLE_NPOC_TN.csv
126,BSLE_0044A-filt0.2,BSLE_0044A-filt0.2_DilCorr_IFE_RamNorm.dat,BSLE_0044A-filt0.2_DilCorr_Abs.dat,See-BSLE_NPOC_TN.csv
127,BSLE_0044B-filt0.2,BSLE_0044B-filt0.2_DilCorr_IFE_RamNorm.dat,BSLE_0044B-filt0.2_DilCorr_Abs.dat,See-BSLE_NPOC_TN.csv
128,BSLE_0044C-filt0.2,BSLE_0044C-filt0.2_DilCorr_IFE_RamNorm.dat,BSLE_0044C-filt0.2_DilCorr_Abs.dat,See-BSLE_NPOC_TN.csv
129,BSLE_0045A-filt0.2,BSLE_0045A-filt0.2_DilCorr_IFE_RamNorm.dat,BSLE_0045A-filt0.2_DilCorr_Abs.dat,See-BSLE_NPOC_TN.csv
130,BSLE_0045B-filt0.2,BSLE_0045B-filt0.2_DilCorr_IFE_RamNorm.dat,BSLE_0045B-filt0.2_DilCorr_Abs.dat,See-BSLE_NPOC_TN.csv
131,BSLE_0045C-filt0.2,BSLE_0045C-filt0.2_DilCorr_IFE_RamNorm.dat,BSLE_0045C-filt0.2_DilCorr_Abs.dat,See-BSLE_NPOC_TN.csv
132,BSLE_0046A-filt0.2,BSLE_0046A-filt0.2_DilCorr_IFE_RamNorm.dat,BSLE_0046A-filt0.2_DilCorr_Abs.dat,See-BSLE_NPOC_TN.csv
133,BSLE_0046B-filt0.2,BSLE_0046B-filt0.2_DilCorr_IFE_RamNorm.dat,BSLE_0046B-filt0.2_DilCorr_Abs.dat,See-BSLE_NPOC_TN.csv
134,BSLE_0046C-filt0.2,BSLE_0046C-filt0.2_DilCorr_IFE_RamNorm.dat,BSLE_0046C-filt0.2_DilCorr_Abs.dat,See-BSLE_NPOC_TN.csv
135,BSLE_0047A-filt0.2,BSLE_0047A-filt0.2_DilCorr_IFE_RamNorm.dat,BSLE_0047A-filt0.2_DilCorr_Abs.dat,See-BSLE_NPOC_TN.csv
136,BSLE_0047B-filt0.2,BSLE_0047B-filt0.2_DilCorr_IFE_RamNorm.dat,BSLE_0047B-filt0.2_DilCorr_Abs.dat,See-BSLE_NPOC_TN.csv
137,BSLE_0047C-filt0.2,BSLE_0047C-filt0.2_DilCorr_IFE_RamNorm.dat,BSLE_0047C-filt0.2_DilCorr_Abs.dat,See-BSLE_NPOC_TN.csv
138,BSLE_0050A-filt0.2,BSLE_0050A-filt0.2_DilCorr_IFE_RamNorm.dat,BSLE_0050A-filt0.2_DilCorr_Abs.dat,See-BSLE_NPOC_TN.csv
139,BSLE_0050B-filt0.2,BSLE_0050B-filt0.2_DilCorr_IFE_RamNorm.dat,BSLE_0050B-filt0.2_DilCorr_Abs.dat,See-BSLE_NPOC_TN.csv
140,BSLE_0050C-filt0.2,BSLE_0050C-filt0.2_DilCorr_IFE_RamNorm.dat,BSLE_0050C-filt0.2_DilCorr_Abs.dat,See-BSLE_NPOC_TN.csv
141,BSLE_0051A-filt0.2,BSLE_0051A-filt0.2_DilCorr_IFE_RamNorm.dat,BSLE_0051A-filt0.2_DilCorr_Abs.dat,See-BSLE_NPOC_TN.csv
142,BSLE_0051B-filt0.2,BSLE_0051B-filt0.2_DilCorr_IFE_RamNorm.dat,BSLE_0051B-filt0.2_DilCorr_Abs.dat,See-BSLE_NPOC_TN.csv
143,BSLE_0051C-filt0.2,BSLE_0051C-filt0.2_DilCorr_IFE_RamNorm.dat,BSLE_0051C-filt0.2_DilCorr_Abs.dat,See-BSLE_NPOC_TN.csv
144,BSLE_0052A-filt0.2,BSLE_0052A-filt0.2_DilCorr_IFE_RamNorm.dat,BSLE_0052A-filt0.2_DilCorr_Abs.dat,See-BSLE_NPOC_TN.csv
145,BSLE_0052B-filt0.2,BSLE_0052B-filt0.2_DilCorr_IFE_RamNorm.dat,BSLE_0052B-filt0.2_DilCorr_Abs.dat,See-BSLE_NPOC_TN.csv
146,BSLE_0052C-filt0.2,BSLE_0052C-filt0.2_DilCorr_IFE_RamNorm.dat,BSLE_0052C-filt0.2_DilCorr_Abs.dat,See-BSLE_NPOC_TN.csv
147,BSLE_0055A-filt0.2,BSLE_0055A-filt0.2_DilCorr_IFE_RamNorm.dat,BSLE_0055A-filt0.2_DilCorr_Abs.dat,See-BSLE_NPOC_TN.csv
148,BSLE_0055B-filt0.2,BSLE_0055B-filt0.2_DilCorr_IFE_RamNorm.dat,BSLE_0055B-filt0.2_DilCorr_Abs.dat,See-BSLE_NPOC_TN.csv
149,BSLE_0055C-filt0.2,BSLE_0055C-filt0.2_DilCorr_IFE_RamNorm.dat,BSLE_0055C-filt0.2_DilCorr_Abs.dat,See-BSLE_NPOC_TN.csv
150,BSLE_0056A-filt0.2,BSLE_0056A-filt0.2_DilCorr_IFE_RamNorm.dat,BSLE_0056A-filt0.2_DilCorr_Abs.dat,See-BSLE_NPOC_TN.csv
151,BSLE_0056B-filt0.2,BSLE_0056B-filt0.2_DilCorr_IFE_RamNorm.dat,BSLE_0056B-filt0.2_DilCorr_Abs.dat,See-BSLE_NPOC_TN.csv
152,BSLE_0056C-filt0.2,BSLE_0056C-filt0.2_DilCorr_IFE_RamNorm.dat,BSLE_0056C-filt0.2_DilCorr_Abs.dat,See-BSLE_NPOC_TN.csv
153,BSLE_0057A-filt0.2,BSLE_0057A-filt0.2_DilCorr_IFE_RamNorm.dat,BSLE_0057A-filt0.2_DilCorr_Abs.dat,See-BSLE_NPOC_TN.csv
154,BSLE_0057B-filt0.2,BSLE_0057B-filt0.2_DilCorr_IFE_RamNorm.dat,BSLE_0057B-filt0.2_DilCorr_Abs.dat,See-BSLE_NPOC_TN.csv
155,BSLE_0057C-filt0.2,BSLE_0057C-filt0.2_DilCorr_IFE_RamNorm.dat,BSLE_0057C-filt0.2_DilCorr_Abs.dat,See-BSLE_NPOC_TN.csv
156,BSLE_0058A-filt0.2,BSLE_0058A-filt0.2_DilCorr_IFE_RamNorm.dat,BSLE_0058A-filt0.2_DilCorr_Abs.dat,See-BSLE_NPOC_TN.csv
157,BSLE_0058B-filt0.2,BSLE_0058B-filt0.2_DilCorr_IFE_RamNorm.dat,BSLE_0058B-filt0.2_DilCorr_Abs.dat,See-BSLE_NPOC_TN.csv
158,BSLE_0058C-filt0.2,BSLE_0058C-filt0.2_DilCorr_IFE_RamNorm.dat,BSLE_0058C-filt0.2_DilCorr_Abs.dat,See-BSLE_NPOC_TN.csv
159,BSLE_0060A-filt0.2,BSLE_0060A-filt0.2_DilCorr_IFE_RamNorm.dat,BSLE_0060A-filt0.2_DilCorr_Abs.dat,See-BSLE_NPOC_TN.csv
160,BSLE_0060B-filt0.2,BSLE_0060B-filt0.2_DilCorr_IFE_RamNorm.dat,BSLE_0060B-filt0.2_DilCorr_Abs.dat,See-BSLE_NPOC_TN.csv
161,BSLE_0060C-filt0.2,BSLE_0060C-filt0.2_DilCorr_IFE_RamNorm.dat,BSLE_0060C-filt0.2_DilCorr_Abs.dat,See-BSLE_NPOC_TN.csv
162,BSLE_0061A-filt0.2,BSLE_0061A-filt0.2_DilCorr_IFE_RamNorm.dat,BSLE_0061A-filt0.2_DilCorr_Abs.dat,See-BSLE_NPOC_TN.csv
163,BSLE_0061B-filt0.2,BSLE_0061B-filt0.2_DilCorr_IFE_RamNorm.dat,BSLE_0061B-filt0.2_DilCorr_Abs.dat,See-BSLE_NPOC_TN.csv
164,BSLE_0061C-filt0.2,BSLE_0061C-filt0.2_DilCorr_IFE_RamNorm.dat,BSLE_0061C-filt0.2_DilCorr_Abs.dat,See-BSLE_NPOC_TN.csv
165,BSLE_0063A-filt0.2,BSLE_0063A-filt0.2_DilCorr_IFE_RamNorm.dat,BSLE_0063A-filt0.2_DilCorr_Abs.dat,See-BSLE_NPOC_TN.csv
166,BSLE_0063B-filt0.2,BSLE_0063B-filt0.2_DilCorr_IFE_RamNorm.dat,BSLE_0063B-filt0.2_DilCorr_Abs.dat,See-BSLE_NPOC_TN.csv
167,BSLE_0063C-filt0.2,BSLE_0063C-filt0.2_DilCorr_IFE_RamNorm.dat,BSLE_0063C-filt0.2_DilCorr_Abs.dat,See-BSLE_NPOC_TN.csv
168,BSLE_0065A-filt0.2,BSLE_0065A-filt0.2_DilCorr_IFE_RamNorm.dat,BSLE_0065A-filt0.2_DilCorr_Abs.dat,See-BSLE_NPOC_TN.csv
169,BSLE_0065B-filt0.2,BSLE_0065B-filt0.2_DilCorr_IFE_RamNorm.dat,BSLE_0065B-filt0.2_DilCorr_Abs.dat,See-BSLE_NPOC_TN.csv
170,BSLE_0065C-filt0.2,BSLE_0065C-filt0.2_DilCorr_IFE_RamNorm.dat,BSLE_0065C-filt0.2_DilCorr_Abs.dat,See-BSLE_NPOC_TN.csv
171,BSLE_0066A-filt0.2,BSLE_0066A-filt0.2_DilCorr_IFE_RamNorm.dat,BSLE_0066A-filt0.2_DilCorr_Abs.dat,See-BSLE_NPOC_TN.csv
172,BSLE_0066B-filt0.2,BSLE_0066B-filt0.2_DilCorr_IFE_RamNorm.dat,BSLE_0066B-filt0.2_DilCorr_Abs.dat,See-BSLE_NPOC_TN.csv
173,BSLE_0066C-filt0.2,BSLE_0066C-filt0.2_DilCorr_IFE_RamNorm.dat,BSLE_0066C-filt0.2_DilCorr_Abs.dat,See-BSLE_NPOC_TN.csv
174,BSLE_0067A-filt0.2,BSLE_0067A-filt0.2_DilCorr_IFE_RamNorm.dat,BSLE_0067A-filt0.2_DilCorr_Abs.dat,See-BSLE_NPOC_TN.csv
175,BSLE_0067B-filt0.2,BSLE_0067B-filt0.2_DilCorr_IFE_RamNorm.dat,BSLE_0067B-filt0.2_DilCorr_Abs.dat,See-BSLE_NPOC_TN.csv
176,BSLE_0067C-filt0.2,BSLE_0067C-filt0.2_DilCorr_IFE_RamNorm.dat,BSLE_0067C-filt0.2_DilCorr_Abs.dat,See-BSLE_NPOC_TN.csv
177,BSLE_0068A-filt0.2,BSLE_0068A-filt0.2_DilCorr_IFE_RamNorm.dat,BSLE_0068A-filt0.2_DilCorr_Abs.dat,See-BSLE_NPOC_TN.csv
178,BSLE_0068B-filt0.2,BSLE_0068B-filt0.2_DilCorr_IFE_RamNorm.dat,BSLE_0068B-filt0.2_DilCorr_Abs.dat,See-BSLE_NPOC_TN.csv
179,BSLE_0068C-filt0.2,BSLE_0068C-filt0.2_DilCorr_IFE_RamNorm.dat,BSLE_0068C-filt0.2_DilCorr_Abs.dat,See-BSLE_NPOC_TN.csv
180,BSLE_0070A-filt0.2,BSLE_0070A-filt0.2_DilCorr_IFE_RamNorm.dat,BSLE_0070A-filt0.2_DilCorr_Abs.dat,See-BSLE_NPOC_TN.csv
181,BSLE_0070B-filt0.2,BSLE_0070B-filt0.2_DilCorr_IFE_RamNorm.dat,BSLE_0070B-filt0.2_DilCorr_Abs.dat,See-BSLE_NPOC_TN.csv
182,BSLE_0070C-filt0.2,BSLE_0070C-filt0.2_DilCorr_IFE_RamNorm.dat,BSLE_0070C-filt0.2_DilCorr_Abs.dat,See-BSLE_NPOC_TN.csv
183,BSLE_0071A-filt0.2,BSLE_0071A-filt0.2_DilCorr_IFE_RamNorm.dat,BSLE_0071A-filt0.2_DilCorr_Abs.dat,See-BSLE_NPOC_TN.csv
184,BSLE_0071B-filt0.2,BSLE_0071B-filt0.2_DilCorr_IFE_RamNorm.dat,BSLE_0071B-filt0.2_DilCorr_Abs.dat,See-BSLE_NPOC_TN.csv
185,BSLE_0071C-filt0.2,BSLE_0071C-filt0.2_DilCorr_IFE_RamNorm.dat,BSLE_0071C-filt0.2_DilCorr_Abs.dat,See-BSLE_NPOC_TN.csv
186,BSLE_0072A-filt0.2,BSLE_0072A-filt0.2_DilCorr_IFE_RamNorm.dat,BSLE_0072A-filt0.2_DilCorr_Abs.dat,See-BSLE_NPOC_TN.csv
187,BSLE_0072B-filt0.2,BSLE_0072B-filt0.2_DilCorr_IFE_RamNorm.dat,BSLE_0072B-filt0.2_DilCorr_Abs.dat,See-BSLE_NPOC_TN.csv
188,BSLE_0072C-filt0.2,BSLE_0072C-filt0.2_DilCorr_IFE_RamNorm.dat,BSLE_0072C-filt0.2_DilCorr_Abs.dat,See-BSLE_NPOC_TN.csv
189,BSLE_0073A-filt0.2,BSLE_0073A-filt0.2_DilCorr_IFE_RamNorm.dat,BSLE_0073A-filt0.2_DilCorr_Abs.dat,See-BSLE_NPOC_TN.csv
190,BSLE_0073B-filt0.2,BSLE_0073B-filt0.2_DilCorr_IFE_RamNorm.dat,BSLE_0073B-filt0.2_DilCorr_Abs.dat,See-BSLE_NPOC_TN.csv
191,BSLE_0073C-filt0.2,BSLE_0073C-filt0.2_DilCorr_IFE_RamNorm.dat,BSLE_0073C-filt0.2_DilCorr_Abs.dat,See-BSLE_NPOC_TN.csv
192,BSLE_0079A-filt0.2,BSLE_0079A-filt0.2_DilCorr_IFE_RamNorm.dat,BSLE_0079A-filt0.2_DilCorr_Abs.dat,See-BSLE_NPOC_TN.csv
193,BSLE_0079B-filt0.2,BSLE_0079B-filt0.2_DilCorr_IFE_RamNorm.dat,BSLE_0079B-filt0.2_DilCorr_Abs.dat,See-BSLE_NPOC_TN.csv
194,BSLE_0079C-filt0.2,BSLE_0079C-filt0.2_DilCorr_IFE_RamNorm.dat,BSLE_0079C-filt0.2_DilCorr_Abs.dat,See-BSLE_NPOC_TN.csv
195,BSLE_0083A-filt0.2,BSLE_0083A-filt0.2_DilCorr_IFE_RamNorm.dat,BSLE_0083A-filt0.2_DilCorr_Abs.dat,See-BSLE_NPOC_TN.csv
196,BSLE_0083B-filt0.2,BSLE_0083B-filt0.2_DilCorr_IFE_RamNorm.dat,BSLE_0083B-filt0.2_DilCorr_Abs.dat,See-BSLE_NPOC_TN.csv
197,BSLE_0083C-filt0.2,BSLE_0083C-filt0.2_DilCorr_IFE_RamNorm.dat,BSLE_0083C-filt0.2_DilCorr_Abs.dat,See-BSLE_NPOC_TN.csv
198,BSLE_0084A-filt0.2,BSLE_0084A-filt0.2_DilCorr_IFE_RamNorm.dat,BSLE_0084A-filt0.2_DilCorr_Abs.dat,See-BSLE_NPOC_TN.csv
199,BSLE_0084B-filt0.2,BSLE_0084B-filt0.2_DilCorr_IFE_RamNorm.dat,BSLE_0084B-filt0.2_DilCorr_Abs.dat,See-BSLE_NPOC_TN.csv
200,BSLE_0084C-filt0.2,BSLE_0084C-filt0.2_DilCorr_IFE_RamNorm.dat,BSLE_0084C-filt0.2_DilCorr_Abs.dat,See-BSLE_NPOC_TN.csv
201,BSLE_0085A-filt0.2,BSLE_0085A-filt0.2_DilCorr_IFE_RamNorm.dat,BSLE_0085A-filt0.2_DilCorr_Abs.dat,See-BSLE_NPOC_TN.csv
202,BSLE_0085B-filt0.2,BSLE_0085B-filt0.2_DilCorr_IFE_RamNorm.dat,BSLE_0085B-filt0.2_DilCorr_Abs.dat,See-BSLE_NPOC_TN.csv
203,BSLE_0085C-filt0.2,BSLE_0085C-filt0.2_DilCorr_IFE_RamNorm.dat,BSLE_0085C-filt0.2_DilCorr_Abs.dat,See-BSLE_NPOC_TN.csv
204,BSLE_0086A-filt0.2,BSLE_0086A-filt0.2_DilCorr_IFE_RamNorm.dat,BSLE_0086A-filt0.2_DilCorr_Abs.dat,See-BSLE_NPOC_TN.csv
205,BSLE_0086B-filt0.2,BSLE_0086B-filt0.2_DilCorr_IFE_RamNorm.dat,BSLE_0086B-filt0.2_DilCorr_Abs.dat,See-BSLE_NPOC_TN.csv
206,BSLE_0086C-filt0.2,BSLE_0086C-filt0.2_DilCorr_IFE_RamNorm.dat,BSLE_0086C-filt0.2_DilCorr_Abs.dat,See-BSLE_NPOC_TN.csv
207,BSLE_Blank1-filt0.2,BSLE_Blank1-filt0.2_DilCorr_IFE_RamNorm.dat,BSLE_Blank1-filt0.2_DilCorr_Abs.dat,See-BSLE_NPOC_TN.csv
208,BSLE_Blank10-filt0.2,BSLE_Blank10-filt0.2_DilCorr_IFE_RamNorm.dat,BSLE_Blank10-filt0.2_DilCorr_Abs.dat,See-BSLE_NPOC_TN.csv
209,BSLE_Blank11-filt0.2,BSLE_Blank11-filt0.2_DilCorr_IFE_RamNorm.dat,BSLE_Blank11-filt0.2_DilCorr_Abs.dat,See-BSLE_NPOC_TN.csv
210,BSLE_Blank12-filt0.2,BSLE_Blank12-filt0.2_DilCorr_IFE_RamNorm.dat,BSLE_Blank12-filt0.2_DilCorr_Abs.dat,See-BSLE_NPOC_TN.csv
211,BSLE_Blank13-filt0.2,BSLE_Blank13-filt0.2_DilCorr_IFE_RamNorm.dat,BSLE_Blank13-filt0.2_DilCorr_Abs.dat,See-BSLE_NPOC_TN.csv
212,BSLE_Blank14-filt0.2,BSLE_Blank14-filt0.2_DilCorr_IFE_RamNorm.dat,BSLE_Blank14-filt0.2_DilCorr_Abs.dat,See-BSLE_NPOC_TN.csv
213,BSLE_Blank16-filt0.2,BSLE_Blank16-filt0.2_DilCorr_IFE_RamNorm.dat,BSLE_Blank16-filt0.2_DilCorr_Abs.dat,See-BSLE_NPOC_TN.csv
214,BSLE_Blank17-filt0.2,BSLE_Blank17-filt0.2_DilCorr_IFE_RamNorm.dat,BSLE_Blank17-filt0.2_DilCorr_Abs.dat,See-BSLE_NPOC_TN.csv
215,BSLE_Blank19-filt0.2,BSLE_Blank19-filt0.2_DilCorr_IFE_RamNorm.dat,BSLE_Blank19-filt0.2_DilCorr_Abs.dat,See-BSLE_NPOC_TN.csv
216,BSLE_Blank2-filt0.2,BSLE_Blank2-filt0.2_DilCorr_IFE_RamNorm.dat,BSLE_Blank2-filt0.2_DilCorr_Abs.dat,See-BSLE_NPOC_TN.csv
217,BSLE_Blank21-filt0.2,BSLE_Blank21-filt0.2_DilCorr_IFE_RamNorm.dat,BSLE_Blank21-filt0.2_DilCorr_Abs.dat,See-BSLE_NPOC_TN.csv
218,BSLE_Blank22-filt0.2,BSLE_Blank22-filt0.2_DilCorr_IFE_RamNorm.dat,BSLE_Blank22-filt0.2_DilCorr_Abs.dat,See-BSLE_NPOC_TN.csv
219,BSLE_Blank23-filt0.2,BSLE_Blank23-filt0.2_DilCorr_IFE_RamNorm.dat,BSLE_Blank23-filt0.2_DilCorr_Abs.dat,See-BSLE_NPOC_TN.csv
220,BSLE_Blank24-filt0.2,BSLE_Blank24-filt0.2_DilCorr_IFE_RamNorm.dat,BSLE_Blank24-filt0.2_DilCorr_Abs.dat,See-BSLE_NPOC_TN.csv
221,BSLE_Blank25-filt0.2,BSLE_Blank25-filt0.2_DilCorr_IFE_RamNorm.dat,BSLE_Blank25-filt0.2_DilCorr_Abs.dat,See-BSLE_NPOC_TN.csv
222,BSLE_Blank26-filt0.2,BSLE_Blank26-filt0.2_DilCorr_IFE_RamNorm.dat,BSLE_Blank26-filt0.2_DilCorr_Abs.dat,See-BSLE_NPOC_TN.csv
223,BSLE_Blank3-filt0.2,BSLE_Blank3-filt0.2_DilCorr_IFE_RamNorm.dat,BSLE_Blank3-filt0.2_DilCorr_Abs.dat,See-BSLE_NPOC_TN.csv
224,BSLE_Blank4-filt0.2,BSLE_Blank4-filt0.2_DilCorr_IFE_RamNorm.dat,BSLE_Blank4-filt0.2_DilCorr_Abs.dat,See-BSLE_NPOC_TN.csv
225,BSLE_Blank5-filt0.2,BSLE_Blank5-filt0.2_DilCorr_IFE_RamNorm.dat,BSLE_Blank5-filt0.2_DilCorr_Abs.dat,See-BSLE_NPOC_TN.csv
226,BSLE_Blank6-filt0.2,BSLE_Blank6-filt0.2_DilCorr_IFE_RamNorm.dat,BSLE_Blank6-filt0.2_DilCorr_Abs.dat,See-BSLE_NPOC_TN.csv
227,BSLE_Blank7-filt0.2,BSLE_Blank7-filt0.2_DilCorr_IFE_RamNorm.dat,BSLE_Blank7-filt0.2_DilCorr_Abs.dat,See-BSLE_NPOC_TN.csv
228,BSLE_Blank8-filt0.2,BSLE_Blank8-filt0.2_DilCorr_IFE_RamNorm.dat,BSLE_Blank8-filt0.2_DilCorr_Abs.dat,See-BSLE_NPOC_TN.csv
229,BSLE_Blank9-filt0.2,BSLE_Blank9-filt0.2_DilCorr_IFE_RamNorm.dat,BSLE_Blank9-filt0.2_DilCorr_Abs.dat,See-BSLE_NPOC_TN.csv
